username,player
ukchessbomber,Aaravamudhan Balaji
reevecanada,Aaron Mendes
dbestsmiles,Abdulraheem Abdulrahman Akintoye
TILAHUN-ABEL-MATHEWOS,Abel Mathewos Tilahun
EndGameDestroyer,Adnan Sitnic
CM_Charmander,Advik Manchanda
FARIZA2018,Afruza Khamdamova
Agustin-Bonaveri,Agustin Bonaveri
babadexiaobao,Aiden Linyuan Li
AlainBruxelles,Alain Fayard
platy3,Alan Pichot
Alechess1351,Alec D Aimdilokwong
Beca95,Aleksandar Indjic
Alenzer,Alena Nikulina
safikiet,Alex Fikiet
alexg2003,Alex Golding
JoliyRoger,Alexander Devaev
Alexander_Donchenko,Alexander Donchenko
GelmanAlexander,Alexander Gelman
Grischuk,Alexander Grischuk
ural58,Alexander Reprintsev
alexrustemov,Alexander Rustemov
GeneralZod,Joshua Alexander
antigeroiy,Alexandr Baranciuc
AlexPapasimakopoulos,Alexandros Papasimakopoulos
Alex_Banzea,Alexandru-Bogdan Banzea
Let_it_be_1,Alexei Belov
Cherepov_Alexej,Alexej Cherepov
mishanick,Aleksei Sarana
center35,Alfonso Uzcudun
Mise2020,Alfredo Miserendino
amintabatabaei,Seyyed Mohammad Amin Tabatabaei
azertytototgetot,Amir Zouaghi
Zuko07,Amudan Mangudi
NastyaHn,Anastasiia Hnatyshyn
Tol_Tol,Anatoliy Emeliantsev
TheRabbit19,Andrei Negrean
Andrei_Skvortsov,Andrei Skvortsov
whyl3vecobain,Andrew Jiang
chess13524678,Andrew Wu
Andrey-Ivanov2011,Andrey A. Ivanov
Angry_Twin,Andrey Drygalov
Andreikka,Andrey Esipenko
mwpchess,Andrii Punin
Andrey_Klymchuk,Andriy Klymchuk
angelgab3,Angel Gabriel Cordoba Roa
annacramling,Anna Cramling
small_dragon,Anna Zhurova
annamaja,Anna-Maja Kazarian
Slavonac1988,Ante Brkic
Pizzalover2502,Anton Karpenko
Mr_Akiba,Antoni Komendecki
arno_stek,Antoni Rosa
komogro,Antonin Ferey
APS,Antonio P Santos
Anuar_Tureshbayev,Anuar Tureshbayev
Avatar,time_of_mayhem
ThePersianCreed,Arad Nazari
Vaathi_Coming,Aravindh Chithambaram
Aryan_Tamadon,Arian Baradaran Tamadon
Glkllkllk,Arseniy Gaydym
Arseniy_Nesterov,Arseniy Nesterov
Albaricoque2,Artem Alek Fedorov
DrKiller67,Artem Avanesian
Gogolev_Artemy,Artem Gogolev
ArtemyKhan,Artemiy Khanbutaev
artin10862,Artin Ashraf
Ganiev_Artur11,Artur Ganiev
ArturSteinhauer,Artur Steinhauer
newyorkmouse,Avi Harrison Kaplan
avri_hameleh,Avri Hanein
AyelenChess,Ayelen Martinez
louis198,Bao Nghia Dong
Bardiya06,Bardiya Daneshvar
oyWD,Begman Agmanov
Recombinant,Benedict Smail
goozack,Benjamin Amrany
GMBenjaminBok,Benjamin Bok
FGHSMN,Bharath Subramaniyam
BlankaEjs,Blanka Ejsymont
HighChessFM,Boris Navrodskiy
TheDarkNight6786,Brian Borui Li
JiangoFett,Brian Jiang
BroderickBauml,Broderick Kenneth Bauml
CanidateMaster,Bui Quang Huy
seccafim,Caic dos Santos Seccafim
ckgchess,Cem Kaan Gokerkan
screwdriver2009,Cezary Kraczek
fireemblem7,Christian Amilca Santiago Vilca
christianallen359,Christian Gabriel Allen Leydenz
ChristopherYoo,Christopher Yoo
ciaociao666,Claudio Logallo
NMChessToImpress,Craig Clawitter
Kurufzugun,Cristobal Henriquez
Aakash-Dalvi7,Dalvi Aakash Sharadchandra
DanaTuk,Dana Katherine Tuk Martin
manitodeplomo,Daniel Barria Zuniga
Duhless,Daniil Dubov
daniil_kaminskii,Daniil Kaminskii
Guzikov_Daniil,Danil Guzikov
pospisku,Danila Sutormin
DACF2905,Darvi Abraham Crispin Ferreras
DaviMaiaS,Davi Maia Silva
davizon23,Davi Natali Mantelato
tptagain,David Anton
David_George21,David George Samir
dropstoneDP,David Paravyan
SkibidiToiletLover94,David Santiago Lopez Ramirez
DawidCzerw,Dawid Czerw
djano,Dawid Janaszak
Miguel De La Garza,Miguel De La Garza
twofoxniel,Deniel Causo
DenLaz,Denis Lazavik
Mynameisbuba22,Devindya Oshini Gunawardhana
Bacus79,Dharim Bacus
cbc900,Dhyaan Patel
Nagireocanon,Diana Carolina Lajo Timoteo
mywarrior500,Dimitrios Vazelakis
yavrukurt40,Dincer Tasdogen
God_speedmove,Dinesh Rajan M
Dishal2010,Dishal Nimsara Weerasekara
Gordima,Dmitry Gordievsky
sun_chan_lee,Dominika Ivashentseva
laiditmang05_ducminh,Duc Minh Lai
Eagle_2019,Edgar Mamedov
LostWanderer1,Efe Metehan Yavuz
EGK_06,Eivind Grunt Kreken
ElimChessKG,Elim Keneshbekov
Elnaz_Kaliakhmet,Elnaz Kaliakhmet
Superfishy_13,Enzo Mathias Vinales Gonzalez
hansen,Eric Hansen
iiu,Erick Zhao
Gryffindorac8,Erik Golubovic
baki83,Etienne Bacrot
PremierChess64,Evan Rabin
ShahMatKanal,Evgenij Novikov
Shuvalov,Evgenij Shuvalov
FaustinoOro,Faustino Oro
EL-FEDE-1,Federico Canias
FS_195,Federico Noto
FelixChess2011,Felice Maria Francario
betta2004,Francesco Bettalli
frederiksvane,Frederik Svane
Zeronybah,Gabriel Mendes De Maicy
ccccvhhhj,Galina Novikova
Aradhya2000,Garg Aradhya
GarnikN,Garnik Nersisyan
GenivanTruthfulPrince,Genivan Genkeswaran
Gen-Gutman,Gennadi Gutman
Germanovs_Georgijs,Georgijs Germanovs
GeorgiosSouleidis,Georgios Souleidis
NowInChess,Gerardo Fernandez Hernandez
Gmgunsal,Gorkem Unsal
Aemulus20,Graham Horobetz
movingmeats,Guido Caprio
HannahSayceStreams,Hannah Sayce
HansOnTwitch,Hans Niemann
xiaoxuan2012,Haoxuan(ZJ) Zhang
wanyaland,Harold Wanyama
Harsha_Bharathakoti,Harsha Bharathakoti
JaimaR_00,Haymar Leone Amigot
MaestroCheck,Henry Deng
Hikaru,Hikaru Nakamura
hilleltoledo,Hillel Toledo
dimoointheworld,Hong Anh Nguyen
ZenHustler237,Hussel Donkeng
chuessco,Ian Ocampos
1assen,Iassen Pelev
IfanRJ,Ifan Rathbone-Jones
the_chess_child,Ilamparthi A R
IlanSchnaider,Ilan Schnaider
NottheBishopSacrifice,Indy Southcott-Moyers
ivandrade10,Ivan Andrade
Dark_Night180,Ivan Kudrin
GambitGiesbergen,Jacob Dreelinck
h4parah5,Jaime Santos
Silent-Killer100,Jaiveer Mahendru
Jakhongir-Vakhidov,Jakhongir Vakhidov
Kosak12,Jakub Kosakowski
ShadowKing71,James A Chirilov
JanistanTV,Jan Gustafsson
JanMur7,Jan Murawski
Polish_fighter3000,Jan-Krzysztof Duda
JanaMohamedZaky,Jana Mohamed Zaki
JaroslavSobek,Jaroslav Sobek
jefferyx,Jeffery Xiong
JennyQi13,Jenny Qi
TheINfinity011,Jiri Bouska
lilleper1,Jonas Buhl Bjerre
McCarthyStone,Jonathan Pein
Neseomrev,Jordan Vermoesen
Jospem,Jose Martinez
DoubleTactic,Joshua Xia
welcome-to-madness,Josue Efrain Sanchez Barreto
hikaruchija,Juan Sebastian Herrera
Queensandpawns,Jude Shearsby
dosto07,Julian Estrada Nieto
sonicdravise,Jun Ying Tan
WildJoker2016,Kacper Klys
gmsolver,Kacper Piorun
youngKID,Karthikeyan Murali
Kashthuri3,Kashthuri Bhai R
kassablanca,Kassa Korley
KaterynaLagno,Kateryna Lagno
Night_Rider3491,Kavin Mohan
kevinwangDE,Kevin Wang
khaled_seyam_2012,Khaled Seyam
ChessFighter_2011,Dau Khuong Duy
Kirill_Klukin,Kirill Klukin
GMKrikor,Krikor Sevag Mekhitarian
blitzking1729,L R Srihari
Sunny_Star,Lakshmi C
Laurin_2009,Laurin Jahnz
Fh2411,Le Thao Nguyen Pham
leotobares,Leandro Tobares
LionTheLeon_06,Leon Luke Mendonca
LeoAlonso,Leonardo Espinha Alonso
LeoWin2012,Leonardo Vincenti
Leonid_Starozhilov,Leonid Starozhilov
chessgirl_leyla,Leyla Mirzaliyeva
LIUSIA,Liudmyla Ivanytska
Leebit02,Liya Kurmangaliyeva
chess_09L,Lorena Beatriz Montejo Bello
Didici,Lorenzo Lodici
Lorenzo_2012,Lorenzo Tellarini
shambleschess06,Louis Auribault
NLLO777,Lovro Novosel
CaroScanSciOkel,Luan Araujo De Paula
Viktoker,Luca Silva
Aguiar94,Lucas Aguiar Cunha
YummyChessBurgerMmm,Lucas Mason Pin Qian Yao
Lucasnzbr10,Lucas Navarro Zambon
Lucsd,Lucas Rusu
lacafi,Luiz Antonio Coel Araujo Filho
Esa_2009,M Esandi Newansa
artooon,Pranesh Munirethinam
MaxLeto,Maksim Omariev
only_strong_moves,Maksym Dubnevych
Simplificator2300,Marc Schulze
Wotgenie,Marcel Petersen
shirovin,Marcel Winkels
MarceloPlaya,Marcelo Playa
UnPatoQueNoSabeNadar,Mario Alberto Angeles Vera
conformalfunction,Mateo Rodriguez Polo
english_player_89,Mateusz Brozyna
MatyChess1,Matias Perez Gormaz
Rinqed222,Matthew J Payne
Trojan-Knight,Matthias Mattenberger
MatthewG-p4p,Matvey Galchenko
MaurinM,Maurin Moeller
pomp523,Maveric Mayta Aiza
chessmaniac623,Maximilian Truter
acidShazz,Maximiliano Rossi
MasterCheese379,Maxwell Yang
MIss_MIaMI,Maya Porozhnyak
crazy_m_attack,Melika Mohammadi
Mertceyhan35,Mert Ceyhan
MikeWizard,Michael Hehir
nissegambit,Michael Mortensen
gaidym72,Michail Gaydym
Actuary44,Michal Kopczynski
chess94cu,Michel Alejandro Diaz Perez
MiguelCifuente,Miguel Angel Cifuentes Camacho
mroquero,Miguel Roquero Redondo
MikeSailer,Mike Sailer
zhoh_off,Mikhail Maslov
Szparu,Milosz Szpar
Sergeant_James,Miraziz Matyakubov
Demeter39,Mitra Hejazipour
RandomNoob04,Moritz Weishaeutel
MostafaSakha,Mostafa Sakhayi
Suyarov1,Mukhammadzokhid Suyarov
reymannnathan,Nathan Reymann
crescentmoon2411,Nguyen Ngoc Truong Son
Candidates14,Nguyen Truong An Khang
Nicolik,Nicola Altini
nicolaslacruz10,Nicolas Alfonso Lacruz Ramirez
kulik2007,Nicolas Kulik
NikitaShandrygin,Nikita Shandrygin
bazar-wokzal,Nikolai Vlassov
Nicki2013,Nikolay Kleimenov
Antosha_Chekhonte,Nikolay Pavlov
Grandelicious,Nils Grandelius
NiranjanNavalgund,Niranjan Navalgund
Nitzan_Steinberg,Nitzan Steinberg
NiviAttack,Nivedita V C
NoHeThTo,Noah Thomforde-Toates
madmax011,Nurai Sovetbekova
zeNKaro9,Nurmukhammed Kabinazar
O_Dgerman,Oleg Derr
Demyan7777,Oleg Verbytski
Oleksandr_Bortnyk,Oleksandr Bortnyk
Yushko_Olga,Olga Yushko
rotimilapite,Oluwadurotimi Lapite
ChessKng2025,Onur Hisir
Orest_Vovk,Orest Vovk
Icaro_83,Oscar Humberto Ardila
AccioChess,Padmini Rout
Parhamov,Parham Maghsoodloo
PaBr21,Pascal Brunke
carokannlover213,Patryk Cieslak
AjedrezconPeter,Pedro Martinez
plpiPih-tesrMe,Philipp Mester
Aspirant-Bitume,Pierre-Antoine Emmenecker
rpragchess,Praggnanandhaa Rameshbabu
GMR7525,Rahul Mynala
Ranindu2003,Ranindu Dilshan Liyanage
Iron_Punch,Raphael Felix
fast_Bishop_10,Raphael Gut
rasmussvane,Rasmus Svane
Rebequeen08,Rebeca Garcia Hernandez
RebecaJimnz,Rebeca Jimenez Fernandez
MuzisChess,Renars Muzis
MITerryble,Renato Terry Lujan
rezamahdavi2008,Reza Mahdavi
Jumbo,Rinat Jumabayev
Robert_Sava,Robert-Gabriel Sava
RobertoJBM,Roberto Molina
K_A_S_T_O_R,Rodrigo Vasquez
Root_21,Rohit S
01Roman,Roman Aukhatov
Shivananda1964,Roman Goldin
Just_Lucky_1,Roman Kuzmin
RMchess04,Ronny Manuel Lafont Linares
Ruchess27,Rucha Pujari
Rud_Makarian,Rudik Makarian
wild3000,Rushan Bogaudinov
Ruslan_0807,Ruslan Momunaliev
RuslanN88,Ruslan Nezamyatin
niyozmetov,Ruslan Niyazmetov
Battery_chess,S Badrinath
Achuvettan,S Bijoy Arpith
SahibSinghKnight,Sahib Singh
saikrishnaReturns,Sai Krishna G V
Impressive2026,Saidkhon Ashikmamutov
SamCopeland,Sam Copeland
Shankland,Sam Shankland
samaksh_ashok,Samaksh Ashok
chesshippopotamus15,Aayansh Samanta
knightrider1357,Samar Dayal
samdanov,Samdan Samdanov
Sam_ChessMood,Samvel Ter-Sahakyan
Sankalp_Gupta2003,Sankalp Gupta
SuperAwesomeSarthak,Sarthak Gattani
Savva_KraSavva,Savva Vetokhin
Tugaychess,Sergey Tugaj
EseVeisi,Sergio Hernandez Leon
BrockLesnar16,Seyed Abolfazl Moosavifar
ShaxrombekKarimov9,Shakhrombek Karimov
Boundless_Strike,Shamil Arslanov
Shield12,Shamsiddin Vokhidov
ElliotAldersonTwitch,Shelev Oberoi
Autarch64,Shubh Atha
chess123456s,Shubh Jayesh Laddha
gpsji27,Shubhi Gupta
CzechChessplayer17,Simon Sotek
Ginger_GM,Simon Williams
Sina-Movahed,Sina Movahed
Slawomir_Kurpiewski,Slawomir Kurpiewski
snehahalder2009,Sneha Halder
Payyappat,Sreyas Payyappat
DarkAlekhine,Stamatis Kourkoulos-Arditis
StefanosKazantzoglou,Stefanos Kazantzoglou
Titled_Monday,Stephane Sorbe
StevenZierk,Steven Zierk
Blitz_Lover1,Sultanbeibarys Dumanuly
Lerry0525,Sunle Gong
Tagir45,Tagir Salemgareev
Irishchessman16,Tarun Kanyamarala
FROGGY64,Tatiana Khlichkova
saumya402,Tejas Shah Jihan
thomask2011,Thomas Jakob Kim
Xuetianhao,Tianhao Xue
Tim1234321,Tim Sauer
Gray_3024,Timofey Beznosov
TimurDushatov,Timur Dushatov
Tactican_228,Timur Kocharin
Timur_Nurzhanov,Timur Nurzhanov
Brilliant_Move_11,Tokhir Nematov
tomesao,Tomasz Mika
secretsuperstar7,Trisha Kanyamarala
wonderfultime,Le Tuan Minh
AmbartsumianTyhran2012,Tyhran Ambartsumian
TJTabernilla_Imus_12,Tyrhhone James Tabernilla
Vaibhav2026,Vaibhav Bedi
ContrVersia,Valery Kazakouski
BILLYS2010,Vasileios Dim Katsanis
Robin_cool,Vasiliy Lyakh
ChessMasterV777,Victor Kotsyuba
vihaan07,Vihaan Jain
viktorskliarov,Viktor Skliarov
VilluWonka,Villum Brevick Kierulf
VivaanSaraogi,Vivaan Vijay Saraogi
Witik,Vjacheslav Weetik
Fedoseev-Vladimir,Vladimir Fedoseev
vovachesss,Vladimir Mikhailovsky
Mikhal867,Vladimir Mikhalsky
vladgoncharov,Vladislav Gontcharov
DanylaBagrov,Vladislav Lymar
Witty_Alien,Volen Dyulgerov
Volodar_Murzin,Volodar Murzin
waly48ks,Walter Bonatti
Lion-Al-Messi,Ward Al-Tarbosh
wesalmoshtael,Wesal Moshtael
GMWSO,Wesley So
NMMoonraker,William Coe
wiciu492k,Witold Klepek
Zampronha1971,Wladimir Camilo Zampronha
Smiechu,Wojciech Smieszek
Yan_Dyomin2010,Yan Domin
Yyaroslavchess2010,Yaroslav Shevchenko
Yd_1595,Yash Darvekar
yashcore,Yash Jayesh Laddha
RCC_2024,Yidong Chen
yosephtaher,Yoseph Theolifus Taher
xasid81,Yuri Zhizmer
ZDM2222,Zachary Martin
stolencandy13,Zehn Nasir
Zurability,Zurab Javakhadze
FairChess_on_YouTube,Dmitry Andreikin
Fandorine,Maksim Chigaev
Konavets,Sam Sevian
MagnusCarlsen,Magnus Carlsen
LyonBeast,Maxime Vachier-Lagrave
lachesisQ,Ian Nepomniachtchi
Bigfish1995,Vladimir Fedoseev
Msb2,Matthias Bluebaum
GHANDEEVAM2003,Arjun Erigaisi
vi_pranav,Pranav Venkatesh
Njal28,Baadur Jobava
Salem-AR,Salem Saleh
GM_dmitrij,Dmitrij Kollars
AnishOnYoutube,Anish Giri
dretch,Conrad Holt
FabianoCaruana,Fabiano Caruana
Firouzja2003,Alireza Firouzja
LevonAronian,Levon Aronian
VladimirKramnik,Vladimir Kramnik
DanielNaroditsky,Daniel Naroditsky
nihalsarin,Nihal Sarin
BogdanDeac,Bogdan-Daniel Deac
Javokhir_Sindarov05,Javokhir Sindarov
AryanTari,Aryan Tari
iturrizaga,Eduardo Iturrizaga Bonelli
kirillshevchenko,Kirill Shevchenko
LiemLe,Le Quang Liem
OparinGrigoriy,Grigoriy Oparin
RaunakSadhwani2005,Raunak Sadhwani
VincentKeymer,Vincent Keymer
VitaliyBernadskiy,Vitaliy Bernadskiy
vladislavkovalev,Vladislav Kovalev
vugarrasulov,Vugar Rasulov
GeorgMeier,Georg Meier
SergeyKarjakin,Sergey Karjakin
PSvidler,Peter Svidler
Dlugy,Maxim Dlugy
KuzubovYuriy,Yuriy Kuzubov
Alexander_Moskalenko,Alexander Moskalenko
Anton_Demchenko,Anton Demchenko
Shant_Sargsyan,Shant Sargsyan
TigranLPetrosyan,Tigran L. Petrosian
viditchess,Vidit Gujrathi
penguingm1,Andrew Tang
GMVallejo,Francisco Vallejo Pons
GGuseinov,Gadir Guseinov
Izoria123,Zviad Izoria
GigaQuparadze,Giga Quparadze
GM_Levan_Pantsulaia,Levan Pantsulaia
Elshan1985,Elshan Moradiabadi
jcibarra,Jose Carlos Ibarra Jerez
Zaven_ChessMood,Zaven Andriasian
Micki-taryan,Haik Martirosyan
Zhuu96,Zhamsaran Tsydypov
Annawel,Jules Moussard
NikoTheodorou,Nikolas Theodorou
shimastream,Aleksandr Shimanov
HVillagra,Cristobal Henriquez Villagra
ChessWarrior7197,Nodirbek Abdusattorov
Sibelephant,Vladislav Artemiev
Indianlad,S.L. Narayanan
legendisback1,Yagiz Kaan Erdogmus
Sargsyan_Shant,Shant Sargsyan
Macho_2006,Mukhiddin Madaminov
Jagadeesh_Siddharth,Siddarth Jagadeesh
AlmasRakhmatullaev,Almas Rakhmatullaev
Dolphin_2010,Aleksandr Usov
PiliposyanRobertChess,Robert Piloposyan
GOGIEFF,Anton Korobov
ChessLover0108,Muhammed Muradi
Dr_Tyger,Haowen Xue
Kacparov,Kacper Drozdowski
Turboplombir,Sergey Sklokin
faryma91,Maksym Faryma
chessmatist53,Dmitrij Osetrov
SuanQuek,Suan-Shiau Evans-Quek
Baratheont,Joaquin Castro Castro
hardygu, Hardy Gu
weshallwin,Rafael Palathingal
